,VAR1,ds,y
0,0.0,2015-01-02,4.0
1,1.0,2015-01-05,6.0
2,2.0,2015-01-06,4.0
3,3.0,2015-01-07,4.0
4,4.0,2015-01-08,4.0
5,5.0,2015-01-09,7.0
6,6.0,2015-01-12,7.0
7,7.0,2015-01-13,7.0
8,8.0,2015-01-14,7.0
9,9.0,2015-01-15,9.0
10,10.0,2015-01-16,9.0
11,11.0,2015-01-19,14.0
12,12.0,2015-01-20,14.0
13,13.0,2015-01-21,16.0
14,14.0,2015-01-22,13.0
15,15.0,2015-01-23,9.0
16,16.0,2015-01-26,11.0
17,17.0,2015-01-27,19.0
18,18.0,2015-01-28,12.0
19,19.0,2015-01-29,14.0
20,20.0,2015-01-30,5.0
21,21.0,2015-02-02,10.0
22,22.0,2015-02-03,10.0
23,23.0,2015-02-04,7.0
24,24.0,2015-02-05,10.0
25,25.0,2015-02-06,4.0
26,26.0,2015-02-09,9.0
27,27.0,2015-02-10,11.0
28,28.0,2015-02-11,10.0
29,29.0,2015-02-12,7.0
30,30.0,2015-02-13,12.0
31,31.0,2015-02-16,11.0
32,32.0,2015-02-17,12.0
33,33.0,2015-02-18,9.0
34,34.0,2015-02-19,11.0
35,35.0,2015-02-20,9.0
36,36.0,2015-02-23,9.0
37,37.0,2015-02-24,7.0
38,38.0,2015-02-25,11.0
39,39.0,2015-02-26,12.0
40,40.0,2015-02-27,15.0
41,41.0,2015-03-02,15.0
42,42.0,2015-03-03,14.0
43,43.0,2015-03-04,14.0
44,44.0,2015-03-05,16.0
45,45.0,2015-03-06,7.0
46,46.0,2015-03-09,14.0
47,47.0,2015-03-10,11.0
48,48.0,2015-03-11,9.0
49,49.0,2015-03-12,12.0
50,50.0,2015-03-13,15.0
51,51.0,2015-03-16,22.0
52,52.0,2015-03-17,15.0
53,53.0,2015-03-18,16.0
54,54.0,2015-03-19,20.0
55,55.0,2015-03-20,18.0
56,56.0,2015-03-23,15.0
57,57.0,2015-03-24,18.0
58,58.0,2015-03-25,11.0
59,59.0,2015-03-26,14.0
60,60.0,2015-03-27,10.0
61,61.0,2015-03-30,25.0
62,62.0,2015-03-31,11.0
63,63.0,2015-04-01,21.0
64,64.0,2015-04-02,11.0
65,65.0,2015-04-03,0.0
66,66.0,2015-04-07,16.0
67,67.0,2015-04-08,17.0
68,68.0,2015-04-09,11.0
69,69.0,2015-04-10,8.0
70,70.0,2015-04-13,14.0
71,71.0,2015-04-14,16.0
72,72.0,2015-04-15,17.0
73,73.0,2015-04-16,20.0
74,74.0,2015-04-17,18.0
75,75.0,2015-04-20,22.0
76,76.0,2015-04-21,20.0
77,77.0,2015-04-22,16.0
78,78.0,2015-04-23,18.0
79,79.0,2015-04-24,11.0
80,80.0,2015-04-27,21.0
81,81.0,2015-04-28,15.0
82,82.0,2015-04-29,18.0
83,83.0,2015-04-30,19.0
84,84.0,2015-05-01,0.0
85,85.0,2015-05-04,18.0
86,86.0,2015-05-05,22.0
87,87.0,2015-05-06,13.0
88,88.0,2015-05-07,18.0
89,89.0,2015-05-08,14.0
90,90.0,2015-05-11,22.0
91,91.0,2015-05-12,16.0
92,92.0,2015-05-13,18.0
93,93.0,2015-05-14,1.0
94,94.0,2015-05-15,9.0
95,95.0,2015-05-18,15.0
96,96.0,2015-05-19,15.0
97,97.0,2015-05-20,12.0
98,98.0,2015-05-21,16.0
99,99.0,2015-05-22,18.0
100,100.0,2015-05-25,0.0
101,101.0,2015-05-26,14.0
102,102.0,2015-05-27,16.0
103,103.0,2015-05-28,19.0
104,104.0,2015-05-29,16.0
105,105.0,2015-06-01,9.0
106,106.0,2015-06-02,12.0
107,107.0,2015-06-03,21.0
108,108.0,2015-06-04,2.0
109,109.0,2015-06-05,8.0
110,110.0,2015-06-08,16.0
111,111.0,2015-06-09,14.0
112,112.0,2015-06-10,19.0
113,113.0,2015-06-11,20.0
114,114.0,2015-06-12,18.0
115,115.0,2015-06-15,18.0
116,116.0,2015-06-16,16.0
117,117.0,2015-06-17,25.0
118,118.0,2015-06-18,20.0
119,119.0,2015-06-19,17.0
120,120.0,2015-06-22,18.0
121,121.0,2015-06-23,21.0
122,122.0,2015-06-24,16.0
123,123.0,2015-06-25,22.0
124,124.0,2015-06-26,16.0
125,125.0,2015-06-29,23.0
126,126.0,2015-06-30,24.0
127,127.0,2015-07-01,16.0
128,128.0,2015-07-02,14.0
129,129.0,2015-07-03,15.0
130,130.0,2015-07-06,19.0
131,131.0,2015-07-07,16.0
132,132.0,2015-07-08,28.0
133,133.0,2015-07-09,23.0
134,134.0,2015-07-10,11.0
135,135.0,2015-07-13,18.0
136,136.0,2015-07-14,24.0
137,137.0,2015-07-15,22.0
138,138.0,2015-07-16,14.0
139,139.0,2015-07-17,23.0
140,140.0,2015-07-20,21.0
141,141.0,2015-07-21,21.0
142,142.0,2015-07-22,20.0
143,143.0,2015-07-23,17.0
144,144.0,2015-07-24,19.0
145,145.0,2015-07-27,14.0
146,146.0,2015-07-28,25.0
147,147.0,2015-07-29,19.0
148,148.0,2015-07-30,18.0
149,149.0,2015-07-31,22.0
150,150.0,2015-08-03,16.0
151,151.0,2015-08-04,24.0
152,152.0,2015-08-05,11.0
153,153.0,2015-08-06,12.0
154,154.0,2015-08-07,16.0
155,155.0,2015-08-10,16.0
156,156.0,2015-08-11,18.0
157,157.0,2015-08-12,14.0
158,158.0,2015-08-13,15.0
159,159.0,2015-08-14,14.0
160,160.0,2015-08-17,15.0
161,161.0,2015-08-18,14.0
162,162.0,2015-08-19,15.0
163,163.0,2015-08-20,14.0
164,164.0,2015-08-21,18.0
165,165.0,2015-08-24,17.0
166,166.0,2015-08-25,22.0
167,167.0,2015-08-26,23.0
168,168.0,2015-08-27,21.0
169,169.0,2015-08-28,13.0
170,170.0,2015-08-31,24.0
171,171.0,2015-09-01,20.0
172,172.0,2015-09-02,15.0
173,173.0,2015-09-03,22.0
174,174.0,2015-09-04,14.0
175,175.0,2015-09-07,22.0
176,176.0,2015-09-08,19.0
177,177.0,2015-09-09,21.0
178,178.0,2015-09-10,21.0
179,179.0,2015-09-11,15.0
180,180.0,2015-09-14,18.0
181,181.0,2015-09-15,19.0
182,182.0,2015-09-16,17.0
183,183.0,2015-09-17,21.0
184,184.0,2015-09-18,14.0
185,185.0,2015-09-21,21.0
186,186.0,2015-09-22,16.0
187,187.0,2015-09-23,16.0
188,188.0,2015-09-24,14.0
189,189.0,2015-09-25,20.0
190,190.0,2015-09-28,23.0
191,191.0,2015-09-29,21.0
192,192.0,2015-09-30,21.0
193,193.0,2015-10-01,14.0
194,194.0,2015-10-02,11.0
195,195.0,2015-10-05,22.0
196,196.0,2015-10-06,28.0
197,197.0,2015-10-07,20.0
198,198.0,2015-10-08,21.0
199,199.0,2015-10-09,18.0
200,200.0,2015-10-12,17.0
201,201.0,2015-10-13,18.0
202,202.0,2015-10-14,16.0
203,203.0,2015-10-15,15.0
204,204.0,2015-10-16,23.0
205,205.0,2015-10-19,21.0
206,206.0,2015-10-20,12.0
207,207.0,2015-10-21,37.0
208,208.0,2015-10-22,21.0
209,209.0,2015-10-23,17.0
210,210.0,2015-10-26,21.0
211,211.0,2015-10-27,20.0
212,212.0,2015-10-28,22.0
213,213.0,2015-10-29,22.0
214,214.0,2015-10-30,14.0
215,215.0,2015-11-02,16.0
216,216.0,2015-11-03,25.0
217,217.0,2015-11-04,20.0
218,218.0,2015-11-05,21.0
219,219.0,2015-11-06,23.0
220,220.0,2015-11-09,12.0
221,221.0,2015-11-10,21.0
222,222.0,2015-11-11,14.0
223,223.0,2015-11-12,16.0
224,224.0,2015-11-13,22.0
225,225.0,2015-11-16,16.0
226,226.0,2015-11-17,13.0
227,227.0,2015-11-18,13.0
228,228.0,2015-11-19,16.0
229,229.0,2015-11-20,21.0
230,230.0,2015-11-23,18.0
231,231.0,2015-11-24,18.0
232,232.0,2015-11-25,14.0
233,233.0,2015-11-26,16.0
234,234.0,2015-11-27,15.0
235,235.0,2015-11-30,24.0
236,236.0,2015-12-01,18.0
237,237.0,2015-12-02,22.0
238,238.0,2015-12-03,21.0
239,239.0,2015-12-04,22.0
240,240.0,2015-12-07,25.0
241,241.0,2015-12-08,23.0
242,242.0,2015-12-09,24.0
243,243.0,2015-12-10,21.0
244,244.0,2015-12-11,17.0
245,245.0,2015-12-14,17.0
246,246.0,2015-12-15,23.0
247,247.0,2015-12-16,16.0
248,248.0,2015-12-17,14.0
249,249.0,2015-12-18,13.0
250,250.0,2015-12-21,14.0
251,251.0,2015-12-22,14.0
252,252.0,2015-12-23,8.0
253,253.0,2015-12-25,0.0
254,254.0,2015-12-28,9.0
255,255.0,2015-12-29,2.0
256,256.0,2015-12-30,3.0
257,257.0,2016-01-04,7.0
258,258.0,2016-01-05,4.0
259,259.0,2016-01-06,4.0
260,260.0,2016-01-07,3.0
261,261.0,2016-01-08,3.0
262,262.0,2016-01-11,4.0
263,263.0,2016-01-12,9.0
264,264.0,2016-01-13,11.0
265,265.0,2016-01-14,9.0
266,266.0,2016-01-15,9.0
267,267.0,2016-01-18,13.0
268,268.0,2016-01-19,11.0
269,269.0,2016-01-20,11.0
270,270.0,2016-01-21,15.0
271,271.0,2016-01-22,11.0
272,272.0,2016-01-25,13.0
273,273.0,2016-01-26,15.0
274,274.0,2016-01-27,11.0
275,275.0,2016-01-28,10.0
276,276.0,2016-01-29,7.0
277,277.0,2016-02-01,11.0
278,278.0,2016-02-02,16.0
279,279.0,2016-02-03,7.0
280,280.0,2016-02-04,16.0
281,281.0,2016-02-05,12.0
282,282.0,2016-02-08,10.0
283,283.0,2016-02-09,6.0
284,284.0,2016-02-10,5.0
285,285.0,2016-02-11,14.0
286,286.0,2016-02-12,11.0
287,287.0,2016-02-15,17.0
288,288.0,2016-02-16,7.0
289,289.0,2016-02-17,13.0
290,290.0,2016-02-18,12.0
291,291.0,2016-02-19,11.0
292,292.0,2016-02-22,13.0
293,293.0,2016-02-23,14.0
294,294.0,2016-02-24,12.0
295,295.0,2016-02-25,16.0
296,296.0,2016-02-26,8.0
297,297.0,2016-02-29,15.0
298,298.0,2016-03-01,15.0
299,299.0,2016-03-02,15.0
300,300.0,2016-03-03,12.0
301,301.0,2016-03-04,9.0
302,302.0,2016-03-07,14.0
303,303.0,2016-03-08,17.0
304,304.0,2016-03-09,23.0
305,305.0,2016-03-10,19.0
306,306.0,2016-03-11,12.0
307,307.0,2016-03-14,15.0
308,308.0,2016-03-15,14.0
309,309.0,2016-03-16,15.0
310,310.0,2016-03-17,18.0
311,311.0,2016-03-18,11.0
312,312.0,2016-03-21,13.0
313,313.0,2016-03-22,17.0
314,314.0,2016-03-23,19.0
315,315.0,2016-03-24,13.0
316,316.0,2016-03-25,1.0
317,317.0,2016-03-28,0.0
318,318.0,2016-03-29,13.0
319,319.0,2016-03-30,23.0
320,320.0,2016-03-31,14.0
321,321.0,2016-04-01,12.0
322,322.0,2016-04-04,14.0
323,323.0,2016-04-05,13.0
324,324.0,2016-04-06,13.0
325,325.0,2016-04-07,18.0
326,326.0,2016-04-08,11.0
327,327.0,2016-04-11,16.0
328,328.0,2016-04-12,15.0
329,329.0,2016-04-13,25.0
330,330.0,2016-04-14,14.0
331,331.0,2016-04-15,16.0
332,332.0,2016-04-18,12.0
333,333.0,2016-04-19,17.0
334,334.0,2016-04-20,11.0
335,335.0,2016-04-21,20.0
336,336.0,2016-04-22,15.0
337,337.0,2016-04-25,14.0
338,338.0,2016-04-26,16.0
339,339.0,2016-04-27,18.0
340,340.0,2016-04-28,15.0
341,341.0,2016-04-29,16.0
342,342.0,2016-05-02,16.0
343,343.0,2016-05-03,13.0
344,344.0,2016-05-04,21.0
345,345.0,2016-05-05,0.0
346,346.0,2016-05-06,8.0
347,347.0,2016-05-09,14.0
348,348.0,2016-05-10,14.0
349,349.0,2016-05-11,12.0
350,350.0,2016-05-12,14.0
351,351.0,2016-05-13,12.0
352,352.0,2016-05-16,0.0
353,353.0,2016-05-17,25.0
354,354.0,2016-05-18,14.0
355,355.0,2016-05-19,16.0
356,356.0,2016-05-20,17.0
357,357.0,2016-05-23,19.0
358,358.0,2016-05-24,11.0
359,359.0,2016-05-25,16.0
360,360.0,2016-05-26,9.0
361,361.0,2016-05-27,9.0
362,362.0,2016-05-30,16.0
363,363.0,2016-05-31,21.0
364,364.0,2016-06-01,24.0
365,365.0,2016-06-02,17.0
366,366.0,2016-06-03,15.0
367,367.0,2016-06-06,18.0
368,368.0,2016-06-07,23.0
369,369.0,2016-06-08,16.0
370,370.0,2016-06-09,22.0
371,371.0,2016-06-10,17.0
372,372.0,2016-06-13,23.0
373,373.0,2016-06-14,21.0
374,374.0,2016-06-15,21.0
375,375.0,2016-06-16,20.0
376,376.0,2016-06-17,16.0
377,377.0,2016-06-20,21.0
378,378.0,2016-06-21,14.0
379,379.0,2016-06-22,16.0
380,380.0,2016-06-23,25.0
381,381.0,2016-06-24,11.0
382,382.0,2016-06-27,22.0
383,383.0,2016-06-28,19.0
384,384.0,2016-06-29,14.0
385,385.0,2016-06-30,22.0
386,386.0,2016-07-01,15.0
387,387.0,2016-07-04,16.0
388,388.0,2016-07-05,19.0
389,389.0,2016-07-06,21.0
390,390.0,2016-07-07,21.0
391,391.0,2016-07-08,14.0
392,392.0,2016-07-11,21.0
393,393.0,2016-07-12,16.0
394,394.0,2016-07-13,20.0
395,395.0,2016-07-14,13.0
396,396.0,2016-07-15,11.0
397,397.0,2016-07-18,23.0
398,398.0,2016-07-19,21.0
399,399.0,2016-07-20,18.0
400,400.0,2016-07-21,18.0
401,401.0,2016-07-22,14.0
402,402.0,2016-07-25,21.0
403,403.0,2016-07-26,16.0
404,404.0,2016-07-27,21.0
405,405.0,2016-07-28,16.0
406,406.0,2016-07-29,12.0
407,407.0,2016-08-01,23.0
408,408.0,2016-08-02,25.0
409,409.0,2016-08-03,17.0
410,410.0,2016-08-04,21.0
411,411.0,2016-08-05,13.0
412,412.0,2016-08-08,12.0
413,413.0,2016-08-09,15.0
414,414.0,2016-08-10,11.0
415,415.0,2016-08-11,24.0
416,416.0,2016-08-12,21.0
417,417.0,2016-08-15,9.0
418,418.0,2016-08-16,13.0
419,419.0,2016-08-17,16.0
420,420.0,2016-08-18,20.0
421,421.0,2016-08-19,7.0
422,422.0,2016-08-22,18.0
423,423.0,2016-08-23,16.0
424,424.0,2016-08-24,15.0
425,425.0,2016-08-25,16.0
426,426.0,2016-08-26,9.0
427,427.0,2016-08-29,18.0
428,428.0,2016-08-30,23.0
429,429.0,2016-08-31,21.0
430,430.0,2016-09-01,16.0
431,431.0,2016-09-02,8.0
432,432.0,2016-09-05,24.0
433,433.0,2016-09-06,21.0
434,434.0,2016-09-07,16.0
435,435.0,2016-09-08,16.0
436,436.0,2016-09-09,18.0
437,437.0,2016-09-12,24.0
438,438.0,2016-09-13,24.0
439,439.0,2016-09-14,25.0
440,440.0,2016-09-15,18.0
441,441.0,2016-09-16,18.0
442,442.0,2016-09-19,25.0
443,443.0,2016-09-20,13.0
444,444.0,2016-09-21,18.0
445,445.0,2016-09-22,15.0
446,446.0,2016-09-23,14.0
447,447.0,2016-09-26,19.0
448,448.0,2016-09-27,22.0
449,449.0,2016-09-28,16.0
450,450.0,2016-09-29,23.0
451,451.0,2016-09-30,17.0
452,452.0,2016-10-03,0.0
453,453.0,2016-10-04,21.0
454,454.0,2016-10-05,23.0
455,455.0,2016-10-06,15.0
456,456.0,2016-10-07,18.0
457,457.0,2016-10-10,25.0
458,458.0,2016-10-11,23.0
459,459.0,2016-10-12,28.0
460,460.0,2016-10-13,25.0
461,461.0,2016-10-14,18.0
462,462.0,2016-10-17,23.0
463,463.0,2016-10-18,23.0
464,464.0,2016-10-19,20.0
465,465.0,2016-10-20,13.0
466,466.0,2016-10-21,13.0
467,467.0,2016-10-24,22.0
468,468.0,2016-10-25,25.0
469,469.0,2016-10-26,18.0
470,470.0,2016-10-27,27.0
471,471.0,2016-10-28,10.0
472,472.0,2016-10-31,18.0
473,473.0,2016-11-01,9.0
474,474.0,2016-11-02,30.0
475,475.0,2016-11-03,18.0
476,476.0,2016-11-04,8.0
477,477.0,2016-11-07,16.0
478,478.0,2016-11-08,28.0
479,479.0,2016-11-09,20.0
480,480.0,2016-11-10,11.0
481,481.0,2016-11-11,22.0
482,482.0,2016-11-14,13.0
483,483.0,2016-11-15,32.0
484,484.0,2016-11-16,18.0
485,485.0,2016-11-17,21.0
486,486.0,2016-11-18,21.0
487,487.0,2016-11-21,14.0
488,488.0,2016-11-22,20.0
489,489.0,2016-11-23,14.0
490,490.0,2016-11-24,23.0
491,491.0,2016-11-25,10.0
492,492.0,2016-11-28,18.0
493,493.0,2016-11-29,16.0
494,494.0,2016-11-30,15.0
495,495.0,2016-12-01,19.0
496,496.0,2016-12-02,28.0
497,497.0,2016-12-05,19.0
498,498.0,2016-12-06,15.0
499,499.0,2016-12-07,22.0
500,500.0,2016-12-08,16.0
501,501.0,2016-12-09,18.0
502,502.0,2016-12-12,21.0
503,503.0,2016-12-13,25.0
504,504.0,2016-12-14,20.0
505,505.0,2016-12-15,18.0
506,506.0,2016-12-16,18.0
507,507.0,2016-12-19,15.0
508,508.0,2016-12-20,15.0
509,509.0,2016-12-21,7.0
510,510.0,2016-12-22,11.0
511,511.0,2016-12-23,7.0
512,512.0,2016-12-27,7.0
513,513.0,2016-12-28,4.0
514,514.0,2016-12-29,3.0
515,515.0,2016-12-30,2.0
516,516.0,2017-01-02,1.0
517,517.0,2017-01-03,3.0
518,518.0,2017-01-04,3.0
519,519.0,2017-01-05,2.0
520,520.0,2017-01-06,2.0
521,521.0,2017-01-09,5.0
522,522.0,2017-01-10,5.0
523,523.0,2017-01-11,6.0
524,524.0,2017-01-12,9.0
525,525.0,2017-01-13,4.0
526,526.0,2017-01-16,11.0
527,527.0,2017-01-17,11.0
528,528.0,2017-01-18,10.0
529,529.0,2017-01-19,7.0
530,530.0,2017-01-20,7.0
531,531.0,2017-01-23,13.0
532,532.0,2017-01-24,9.0
533,533.0,2017-01-25,11.0
534,534.0,2017-01-26,13.0
535,535.0,2017-01-27,13.0
536,536.0,2017-01-30,7.0
537,537.0,2017-01-31,11.0
538,538.0,2017-02-01,9.0
539,539.0,2017-02-02,11.0
540,540.0,2017-02-03,12.0
541,541.0,2017-02-06,11.0
542,542.0,2017-02-07,13.0
543,543.0,2017-02-08,10.0
544,544.0,2017-02-09,13.0
545,545.0,2017-02-10,14.0
546,546.0,2017-02-13,16.0
547,547.0,2017-02-14,13.0
548,548.0,2017-02-15,13.0
549,549.0,2017-02-16,9.0
550,550.0,2017-02-17,9.0
551,551.0,2017-02-20,14.0
552,552.0,2017-02-21,9.0
553,553.0,2017-02-22,21.0
554,554.0,2017-02-23,14.0
555,555.0,2017-02-24,9.0
556,556.0,2017-02-27,14.0
557,557.0,2017-02-28,6.0
558,558.0,2017-03-01,9.0
559,559.0,2017-03-02,14.0
560,560.0,2017-03-03,8.0
561,561.0,2017-03-06,16.0
562,562.0,2017-03-07,14.0
563,563.0,2017-03-08,14.0
564,564.0,2017-03-09,16.0
565,565.0,2017-03-10,14.0
566,566.0,2017-03-13,9.0
567,567.0,2017-03-14,16.0
568,568.0,2017-03-15,15.0
569,569.0,2017-03-16,11.0
570,570.0,2017-03-17,16.0
571,571.0,2017-03-20,13.0
572,572.0,2017-03-21,11.0
573,573.0,2017-03-22,20.0
574,574.0,2017-03-23,17.0
575,575.0,2017-03-24,10.0
576,576.0,2017-03-27,19.0
577,577.0,2017-03-28,18.0
578,578.0,2017-03-29,16.0
579,579.0,2017-03-30,16.0
580,580.0,2017-03-31,9.0
581,581.0,2017-04-03,14.0
582,582.0,2017-04-04,18.0
583,583.0,2017-04-05,21.0
584,584.0,2017-04-06,11.0
585,585.0,2017-04-07,17.0
586,586.0,2017-04-10,15.0
587,587.0,2017-04-11,20.0
588,588.0,2017-04-12,13.0
589,589.0,2017-04-13,12.0
590,590.0,2017-04-14,8.0
591,591.0,2017-04-17,0.0
592,592.0,2017-04-18,16.0
593,593.0,2017-04-19,20.0
594,594.0,2017-04-20,14.0
595,595.0,2017-04-21,10.0
596,596.0,2017-04-24,20.0
597,597.0,2017-04-25,16.0
598,598.0,2017-04-26,12.0
599,599.0,2017-04-27,21.0
600,600.0,2017-04-28,11.0
601,601.0,2017-05-01,0.0
602,602.0,2017-05-02,17.0
603,603.0,2017-05-03,18.0
604,604.0,2017-05-04,19.0
605,605.0,2017-05-05,11.0
606,606.0,2017-05-08,23.0
607,607.0,2017-05-09,19.0
608,608.0,2017-05-10,16.0
609,609.0,2017-05-11,20.0
610,610.0,2017-05-12,16.0
611,611.0,2017-05-15,20.0
612,612.0,2017-05-16,21.0
613,613.0,2017-05-17,16.0
614,614.0,2017-05-18,16.0
615,615.0,2017-05-19,13.0
616,616.0,2017-05-22,18.0
617,617.0,2017-05-23,11.0
618,618.0,2017-05-24,26.0
619,619.0,2017-05-25,0.0
620,620.0,2017-05-26,14.0
621,621.0,2017-05-29,16.0
622,622.0,2017-05-30,18.0
623,623.0,2017-05-31,17.0
624,624.0,2017-06-01,18.0
625,625.0,2017-06-02,16.0
626,626.0,2017-06-06,18.0
627,627.0,2017-06-07,12.0
628,628.0,2017-06-08,19.0
629,629.0,2017-06-09,14.0
630,630.0,2017-06-12,21.0
631,631.0,2017-06-13,22.0
632,632.0,2017-06-14,19.0
633,633.0,2017-06-15,4.0
634,634.0,2017-06-16,14.0
635,635.0,2017-06-19,19.0
636,636.0,2017-06-20,19.0
637,637.0,2017-06-21,19.0
638,638.0,2017-06-22,18.0
639,639.0,2017-06-23,18.0
640,640.0,2017-06-26,25.0
641,641.0,2017-06-27,21.0
642,642.0,2017-06-28,26.0
643,643.0,2017-06-29,26.0
644,644.0,2017-06-30,16.0
645,645.0,2017-07-03,22.0
646,646.0,2017-07-04,25.0
647,647.0,2017-07-05,22.0
648,648.0,2017-07-06,18.0
649,649.0,2017-07-07,16.0
650,650.0,2017-07-10,21.0
651,651.0,2017-07-11,21.0
652,652.0,2017-07-12,21.0
653,653.0,2017-07-13,18.0
654,654.0,2017-07-14,15.0
655,655.0,2017-07-17,24.0
656,656.0,2017-07-18,21.0
657,657.0,2017-07-19,27.0
658,658.0,2017-07-20,14.0
659,659.0,2017-07-21,15.0
660,660.0,2017-07-24,22.0
661,661.0,2017-07-25,23.0
662,662.0,2017-07-26,16.0
663,663.0,2017-07-27,18.0
664,664.0,2017-07-28,14.0
665,665.0,2017-07-31,17.0
666,666.0,2017-08-01,20.0
667,667.0,2017-08-02,16.0
668,668.0,2017-08-03,28.0
669,669.0,2017-08-04,18.0
670,670.0,2017-08-07,24.0
671,671.0,2017-08-08,23.0
672,672.0,2017-08-09,16.0
673,673.0,2017-08-10,20.0
674,674.0,2017-08-11,18.0
675,675.0,2017-08-14,11.0
676,676.0,2017-08-15,14.0
677,677.0,2017-08-16,20.0
678,678.0,2017-08-17,12.0
679,679.0,2017-08-18,9.0
680,680.0,2017-08-21,11.0
681,681.0,2017-08-22,15.0
682,682.0,2017-08-23,11.0
683,683.0,2017-08-24,18.0
684,684.0,2017-08-25,14.0
685,685.0,2017-08-28,12.0
686,686.0,2017-08-29,18.0
687,687.0,2017-08-30,18.0
688,688.0,2017-08-31,21.0
689,689.0,2017-09-01,12.0
690,690.0,2017-09-04,18.0
691,691.0,2017-09-05,15.0
692,692.0,2017-09-06,24.0
693,693.0,2017-09-07,15.0
694,694.0,2017-09-08,21.0
695,695.0,2017-09-11,21.0
696,696.0,2017-09-12,19.0
697,697.0,2017-09-13,23.0
698,698.0,2017-09-14,14.0
699,699.0,2017-09-15,17.0
700,700.0,2017-09-18,19.0
701,701.0,2017-09-19,12.0
702,702.0,2017-09-20,18.0
703,703.0,2017-09-21,14.0
704,704.0,2017-09-22,18.0
705,705.0,2017-09-25,16.0
706,706.0,2017-09-26,21.0
707,707.0,2017-09-27,18.0
708,708.0,2017-09-28,23.0
709,709.0,2017-09-29,16.0
710,710.0,2017-10-02,16.0
711,711.0,2017-10-03,0.0
712,712.0,2017-10-04,20.0
713,713.0,2017-10-05,17.0
714,714.0,2017-10-06,18.0
715,715.0,2017-10-09,18.0
716,716.0,2017-10-10,12.0
717,717.0,2017-10-11,19.0
718,718.0,2017-10-12,11.0
719,719.0,2017-10-13,18.0
720,720.0,2017-10-16,19.0
721,721.0,2017-10-17,23.0
722,722.0,2017-10-18,23.0
723,723.0,2017-10-19,23.0
724,724.0,2017-10-20,18.0
725,725.0,2017-10-23,17.0
726,726.0,2017-10-24,24.0
727,727.0,2017-10-25,21.0
728,728.0,2017-10-26,20.0
729,729.0,2017-10-27,16.0
730,730.0,2017-10-30,18.0
731,731.0,2017-10-31,0.0
732,732.0,2017-11-01,5.0
733,733.0,2017-11-02,14.0
734,734.0,2017-11-03,20.0
735,735.0,2017-11-06,18.0
736,736.0,2017-11-07,19.0
737,737.0,2017-11-08,16.0
738,738.0,2017-11-09,19.0
739,739.0,2017-11-10,15.0
740,740.0,2017-11-13,18.0
741,741.0,2017-11-14,20.0
742,742.0,2017-11-15,17.0
743,743.0,2017-11-16,21.0
744,744.0,2017-11-17,9.0
745,745.0,2017-11-20,12.0
746,746.0,2017-11-21,20.0
747,747.0,2017-11-22,9.0
748,748.0,2017-11-23,22.0
749,749.0,2017-11-24,14.0
750,750.0,2017-11-27,16.0
751,751.0,2017-11-28,21.0
752,752.0,2017-11-29,16.0
753,753.0,2017-11-30,21.0
754,754.0,2017-12-01,20.0
755,755.0,2017-12-04,19.0
756,756.0,2017-12-05,26.0
757,757.0,2017-12-06,19.0
758,758.0,2017-12-07,19.0
759,759.0,2017-12-08,11.0
760,760.0,2017-12-11,24.0
761,761.0,2017-12-12,19.0
762,762.0,2017-12-13,22.0
763,763.0,2017-12-14,24.0
764,764.0,2017-12-15,14.0
765,765.0,2017-12-18,21.0
766,766.0,2017-12-19,10.0
767,767.0,2017-12-20,14.0
768,768.0,2017-12-21,11.0
769,769.0,2017-12-22,7.0
770,770.0,2017-12-25,1.0
771,771.0,2017-12-27,7.0
772,772.0,2017-12-28,4.0
773,773.0,2017-12-29,3.0
774,774.0,2018-01-02,4.0
775,775.0,2018-01-03,4.0
776,776.0,2018-01-04,4.0
777,777.0,2018-01-05,0.0
778,778.0,2018-01-08,5.0
779,779.0,2018-01-09,6.0
780,780.0,2018-01-10,4.0
781,781.0,2018-01-11,12.0
782,782.0,2018-01-12,10.0
783,783.0,2018-01-15,11.0
784,784.0,2018-01-16,14.0
785,785.0,2018-01-17,7.0
786,786.0,2018-01-18,23.0
787,787.0,2018-01-19,15.0
788,788.0,2018-01-22,17.0
789,789.0,2018-01-23,9.0
790,790.0,2018-01-24,17.0
791,791.0,2018-01-25,25.0
792,792.0,2018-01-26,11.0
793,793.0,2018-01-29,20.0
794,794.0,2018-01-30,17.0
795,795.0,2018-01-31,12.0
796,796.0,2018-02-01,17.0
797,797.0,2018-02-02,14.0
798,798.0,2018-02-05,16.0
799,799.0,2018-02-06,12.0
800,800.0,2018-02-07,14.0
801,801.0,2018-02-08,11.0
802,802.0,2018-02-09,9.0
803,803.0,2018-02-12,14.0
804,804.0,2018-02-13,11.0
805,805.0,2018-02-14,14.0
806,806.0,2018-02-15,9.0
807,807.0,2018-02-16,9.0
808,808.0,2018-02-19,15.0
809,809.0,2018-02-20,18.0
810,810.0,2018-02-21,13.0
811,811.0,2018-02-22,11.0
812,812.0,2018-02-23,14.0
813,813.0,2018-02-26,12.0
814,814.0,2018-02-27,13.0
815,815.0,2018-02-28,11.0
816,816.0,2018-03-01,11.0
817,817.0,2018-03-02,7.0
818,818.0,2018-03-05,11.0
819,819.0,2018-03-06,10.0
820,820.0,2018-03-07,7.0
821,821.0,2018-03-08,13.0
822,822.0,2018-03-09,11.0
823,823.0,2018-03-12,12.0
824,824.0,2018-03-13,9.0
825,825.0,2018-03-14,14.0
826,826.0,2018-03-15,15.0
827,827.0,2018-03-16,13.0
828,828.0,2018-03-19,22.0
829,829.0,2018-03-20,11.0
830,830.0,2018-03-21,15.0
831,831.0,2018-03-22,8.0
832,832.0,2018-03-23,14.0
833,833.0,2018-03-26,17.0
834,834.0,2018-03-27,14.0
835,835.0,2018-03-28,16.0
836,836.0,2018-03-29,11.0
837,837.0,2018-03-30,0.0
838,838.0,2018-04-03,15.0
839,839.0,2018-04-04,14.0
840,840.0,2018-04-05,12.0
841,841.0,2018-04-06,14.0
842,842.0,2018-04-09,18.0
843,843.0,2018-04-10,19.0
844,844.0,2018-04-11,16.0
845,845.0,2018-04-12,16.0
846,846.0,2018-04-13,17.0
847,847.0,2018-04-16,24.0
848,848.0,2018-04-17,18.0
849,849.0,2018-04-18,14.0
850,850.0,2018-04-19,18.0
851,851.0,2018-04-20,16.0
852,852.0,2018-04-23,27.0
853,853.0,2018-04-24,13.0
854,854.0,2018-04-25,15.0
855,855.0,2018-04-26,14.0
856,856.0,2018-04-27,16.0
857,857.0,2018-04-30,15.0
858,858.0,2018-05-02,11.0
859,859.0,2018-05-03,11.0
860,860.0,2018-05-04,11.0
861,861.0,2018-05-07,20.0
862,862.0,2018-05-08,23.0
863,863.0,2018-05-09,16.0
864,864.0,2018-05-10,0.0
865,865.0,2018-05-11,9.0
866,866.0,2018-05-14,16.0
867,867.0,2018-05-15,13.0
868,868.0,2018-05-16,15.0
869,869.0,2018-05-17,13.0
870,870.0,2018-05-18,14.0
871,871.0,2018-05-22,21.0
872,872.0,2018-05-23,27.0
873,873.0,2018-05-24,20.0
874,874.0,2018-05-25,14.0
875,875.0,2018-05-28,23.0
876,876.0,2018-05-29,21.0
877,877.0,2018-05-30,27.0
878,878.0,2018-05-31,8.0
879,879.0,2018-06-01,13.0
880,880.0,2018-06-04,21.0
881,881.0,2018-06-05,18.0
882,882.0,2018-06-06,20.0
883,883.0,2018-06-07,21.0
884,884.0,2018-06-08,23.0
885,885.0,2018-06-11,17.0
886,886.0,2018-06-12,21.0
887,887.0,2018-06-13,19.0
888,888.0,2018-06-14,15.0
889,889.0,2018-06-15,22.0
890,890.0,2018-06-18,18.0
891,891.0,2018-06-19,19.0
892,892.0,2018-06-20,17.0
893,893.0,2018-06-21,19.0
894,894.0,2018-06-22,16.0
895,895.0,2018-06-25,21.0
896,896.0,2018-06-26,23.0
897,897.0,2018-06-27,21.0
898,898.0,2018-06-28,14.0
899,899.0,2018-06-29,17.0
900,900.0,2018-07-02,20.0
901,901.0,2018-07-03,25.0
902,902.0,2018-07-04,22.0
903,903.0,2018-07-05,24.0
904,904.0,2018-07-06,19.0
905,905.0,2018-07-09,21.0
906,906.0,2018-07-10,21.0
907,907.0,2018-07-11,24.0
908,908.0,2018-07-12,19.0
909,909.0,2018-07-13,11.0
910,910.0,2018-07-16,21.0
911,911.0,2018-07-17,26.0
912,912.0,2018-07-18,21.0
913,913.0,2018-07-19,28.0
914,914.0,2018-07-20,15.0
915,915.0,2018-07-23,18.0
916,916.0,2018-07-24,30.0
917,917.0,2018-07-25,23.0
918,918.0,2018-07-26,22.0
919,919.0,2018-07-27,18.0
920,920.0,2018-07-30,21.0
921,921.0,2018-07-31,29.0
922,922.0,2018-08-01,17.0
923,923.0,2018-08-02,19.0
924,924.0,2018-08-03,16.0
925,925.0,2018-08-06,19.0
926,926.0,2018-08-07,18.0
927,927.0,2018-08-08,16.0
928,928.0,2018-08-09,13.0
929,929.0,2018-08-10,15.0
930,930.0,2018-08-13,23.0
931,931.0,2018-08-14,14.0
932,932.0,2018-08-15,16.0
933,933.0,2018-08-16,20.0
934,934.0,2018-08-17,11.0
935,935.0,2018-08-20,12.0
936,936.0,2018-08-21,21.0
937,937.0,2018-08-22,21.0
938,938.0,2018-08-23,12.0
939,939.0,2018-08-24,17.0
940,940.0,2018-08-27,18.0
941,941.0,2018-08-28,18.0
942,942.0,2018-08-29,28.0
943,943.0,2018-08-30,19.0
944,944.0,2018-08-31,28.0
945,945.0,2018-09-03,13.0
946,946.0,2018-09-04,20.0
947,947.0,2018-09-05,9.0
948,948.0,2018-09-06,25.0
949,949.0,2018-09-07,16.0
950,950.0,2018-09-10,16.0
951,951.0,2018-09-11,20.0
952,952.0,2018-09-12,21.0
953,953.0,2018-09-13,15.0
954,954.0,2018-09-14,11.0
955,955.0,2018-09-17,21.0
956,956.0,2018-09-18,25.0
957,957.0,2018-09-19,21.0
958,958.0,2018-09-20,23.0
959,959.0,2018-09-21,23.0
960,960.0,2018-09-24,19.0
961,961.0,2018-09-25,29.0
962,962.0,2018-09-26,21.0
963,963.0,2018-09-27,16.0
964,964.0,2018-09-28,14.0
965,965.0,2018-10-01,16.0
966,966.0,2018-10-02,12.0
967,967.0,2018-10-03,1.0
968,968.0,2018-10-04,14.0
969,969.0,2018-10-05,14.0
970,970.0,2018-10-08,20.0
971,971.0,2018-10-09,23.0
972,972.0,2018-10-10,18.0
973,973.0,2018-10-11,17.0
974,974.0,2018-10-12,12.0
975,975.0,2018-10-15,24.0
976,976.0,2018-10-16,18.0
977,977.0,2018-10-17,25.0
978,978.0,2018-10-18,22.0
979,979.0,2018-10-19,11.0
980,980.0,2018-10-22,18.0
981,981.0,2018-10-23,20.0
982,982.0,2018-10-24,18.0
983,983.0,2018-10-25,28.0
984,984.0,2018-10-26,11.0
985,985.0,2018-10-29,22.0
986,986.0,2018-10-30,16.0
987,987.0,2018-10-31,9.0
988,988.0,2018-11-01,7.0
989,989.0,2018-11-02,12.0
990,990.0,2018-11-05,28.0
991,991.0,2018-11-06,18.0
992,992.0,2018-11-07,23.0
993,993.0,2018-11-08,17.0
994,994.0,2018-11-09,12.0
995,995.0,2018-11-12,23.0
996,996.0,2018-11-13,11.0
997,997.0,2018-11-14,16.0
998,998.0,2018-11-15,7.0
999,999.0,2018-11-16,21.0
1000,1000.0,2018-11-19,18.0
1001,1001.0,2018-11-20,19.0
1002,1002.0,2018-11-21,21.0
1003,1003.0,2018-11-22,21.0
1004,1004.0,2018-11-23,20.0
1005,1005.0,2018-11-26,22.0
1006,1006.0,2018-11-27,25.0
1007,1007.0,2018-11-28,23.0
1008,1008.0,2018-11-29,18.0
1009,1009.0,2018-11-30,20.0
1010,1010.0,2018-12-03,19.0
1011,1011.0,2018-12-04,23.0
1012,1012.0,2018-12-05,22.0
1013,1013.0,2018-12-06,13.0
1014,1014.0,2018-12-07,21.0
1015,1015.0,2018-12-10,19.0
1016,1016.0,2018-12-11,28.0
1017,1017.0,2018-12-12,15.0
1018,1018.0,2018-12-13,14.0
1019,1019.0,2018-12-14,13.0
1020,1020.0,2018-12-17,20.0
1021,1021.0,2018-12-18,21.0
1022,1022.0,2018-12-19,15.0
1023,1023.0,2018-12-20,20.0
1024,1024.0,2018-12-21,20.0
1025,1025.0,2018-12-24,3.0
1026,1026.0,2018-12-25,0.0
1027,1027.0,2018-12-27,7.0
1028,1028.0,2018-12-28,4.0
1029,1029.0,2019-01-01,2.0
1030,1030.0,2019-01-02,4.0
1031,1031.0,2019-01-03,4.0
1032,1032.0,2019-01-04,3.0
1033,1033.0,2019-01-07,2.0
1034,1034.0,2019-01-08,4.0
1035,1035.0,2019-01-09,9.0
1036,1036.0,2019-01-10,8.0
1037,1037.0,2019-01-11,7.0
1038,1038.0,2019-01-14,7.0
1039,1039.0,2019-01-15,10.0
1040,1040.0,2019-01-16,11.0
1041,1041.0,2019-01-17,11.0
1042,1042.0,2019-01-18,10.0
1043,1043.0,2019-01-21,11.0
1044,1044.0,2019-01-22,14.0
1045,1045.0,2019-01-23,16.0
1046,1046.0,2019-01-24,16.0
1047,1047.0,2019-01-25,14.0
1048,1048.0,2019-01-28,6.0
1049,1049.0,2019-01-29,16.0
1050,1050.0,2019-01-30,14.0
1051,1051.0,2019-01-31,13.0
1052,1052.0,2019-02-01,8.0
1053,1053.0,2019-02-04,7.0
1054,1054.0,2019-02-05,11.0
1055,1055.0,2019-02-06,9.0
1056,1056.0,2019-02-07,12.0
1057,1057.0,2019-02-08,10.0
1058,1058.0,2019-02-11,16.0
1059,1059.0,2019-02-12,14.0
1060,1060.0,2019-02-13,14.0
1061,1061.0,2019-02-14,11.0
1062,1062.0,2019-02-15,21.0
1063,1063.0,2019-02-18,16.0
1064,1064.0,2019-02-19,16.0
1065,1065.0,2019-02-20,18.0
1066,1066.0,2019-02-21,16.0
1067,1067.0,2019-02-22,9.0
1068,1068.0,2019-02-25,7.0
1069,1069.0,2019-02-26,13.0
1070,1070.0,2019-02-27,14.0
1071,1071.0,2019-02-28,18.0
1072,1072.0,2019-03-01,10.0
1073,1073.0,2019-03-04,14.0
1074,1074.0,2019-03-05,24.0
1075,1075.0,2019-03-06,15.0
1076,1076.0,2019-03-07,11.0
1077,1077.0,2019-03-08,14.0
1078,1078.0,2019-03-11,13.0
1079,1079.0,2019-03-12,14.0
1080,1080.0,2019-03-13,15.0
1081,1081.0,2019-03-14,16.0
1082,1082.0,2019-03-15,17.0
1083,1083.0,2019-03-18,11.0
1084,1084.0,2019-03-19,18.0
1085,1085.0,2019-03-20,25.0
1086,1086.0,2019-03-21,19.0
1087,1087.0,2019-03-22,18.0
1088,1088.0,2019-03-25,13.0
1089,1089.0,2019-03-26,18.0
1090,1090.0,2019-03-27,18.0
1091,1091.0,2019-03-28,21.0
1092,1092.0,2019-03-29,18.0
1093,1093.0,2019-04-01,15.0
1094,1094.0,2019-04-02,14.0
1095,1095.0,2019-04-03,18.0
1096,1096.0,2019-04-04,16.0
1097,1097.0,2019-04-05,18.0
1098,1098.0,2019-04-08,19.0
1099,1099.0,2019-04-09,18.0
1100,1100.0,2019-04-10,17.0
1101,1101.0,2019-04-11,14.0
1102,1102.0,2019-04-12,20.0
1103,1103.0,2019-04-15,18.0
1104,1104.0,2019-04-16,17.0
1105,1105.0,2019-04-17,24.0
1106,1106.0,2019-04-18,18.0
1107,1107.0,2019-04-19,11.0
1108,1108.0,2019-04-22,0.0
1109,1109.0,2019-04-23,9.0
1110,1110.0,2019-04-24,14.0
1111,1111.0,2019-04-25,16.0
1112,1112.0,2019-04-26,13.0
1113,1113.0,2019-04-29,20.0
1114,1114.0,2019-04-30,13.0
1115,1115.0,2019-05-01,7.0
1116,1116.0,2019-05-02,9.0
1117,1117.0,2019-05-03,16.0
1118,1118.0,2019-05-06,14.0
1119,1119.0,2019-05-07,12.0
1120,1120.0,2019-05-08,12.0
1121,1121.0,2019-05-09,19.0
1122,1122.0,2019-05-10,18.0
1123,1123.0,2019-05-13,22.0
1124,1124.0,2019-05-14,19.0
1125,1125.0,2019-05-15,20.0
1126,1126.0,2019-05-16,18.0
1127,1127.0,2019-05-17,17.0
1128,1128.0,2019-05-20,21.0
1129,1129.0,2019-05-21,18.0
1130,1130.0,2019-05-22,16.0
1131,1131.0,2019-05-23,18.0
1132,1132.0,2019-05-24,15.0
1133,1133.0,2019-05-27,15.0
1134,1134.0,2019-05-28,16.0
1135,1135.0,2019-05-29,25.0
1136,1136.0,2019-05-30,2.0
1137,1137.0,2019-05-31,7.0
1138,1138.0,2019-06-03,17.0
1139,1139.0,2019-06-04,13.0
1140,1140.0,2019-06-05,24.0
1141,1141.0,2019-06-06,18.0
1142,1142.0,2019-06-07,19.0
1143,1143.0,2019-06-10,4.0
1144,1144.0,2019-06-11,11.0
1145,1145.0,2019-06-12,21.0
1146,1146.0,2019-06-13,18.0
1147,1147.0,2019-06-14,18.0
1148,1148.0,2019-06-17,14.0
1149,1149.0,2019-06-18,22.0
1150,1150.0,2019-06-19,14.0
1151,1151.0,2019-06-20,14.0
1152,1152.0,2019-06-21,9.0
1153,1153.0,2019-06-24,12.0
1154,1154.0,2019-06-25,15.0
1155,1155.0,2019-06-26,13.0
1156,1156.0,2019-06-27,23.0
1157,1157.0,2019-06-28,13.0
1158,1158.0,2019-07-01,18.0
1159,1159.0,2019-07-02,16.0
1160,1160.0,2019-07-03,15.0
1161,1161.0,2019-07-04,20.0
1162,1162.0,2019-07-05,16.0
1163,1163.0,2019-07-08,24.0
1164,1164.0,2019-07-09,20.0
1165,1165.0,2019-07-10,23.0
1166,1166.0,2019-07-11,22.0
1167,1167.0,2019-07-12,15.0
1168,1168.0,2019-07-15,20.0
1169,1169.0,2019-07-16,21.0
1170,1170.0,2019-07-17,23.0
1171,1171.0,2019-07-18,26.0
1172,1172.0,2019-07-19,22.0
1173,1173.0,2019-07-22,15.0
1174,1174.0,2019-07-23,19.0
1175,1175.0,2019-07-24,25.0
1176,1176.0,2019-07-25,23.0
1177,1177.0,2019-07-26,15.0
1178,1178.0,2019-07-29,16.0
1179,1179.0,2019-07-30,16.0
1180,1180.0,2019-07-31,13.0
1181,1181.0,2019-08-01,20.0
1182,1182.0,2019-08-02,14.0
1183,1183.0,2019-08-05,12.0
1184,1184.0,2019-08-06,18.0
1185,1185.0,2019-08-07,20.0
1186,1186.0,2019-08-08,14.0
1187,1187.0,2019-08-09,16.0
1188,1188.0,2019-08-12,16.0
1189,1189.0,2019-08-13,14.0
1190,1190.0,2019-08-14,19.0
1191,1191.0,2019-08-15,13.0
1192,1192.0,2019-08-16,13.0
1193,1193.0,2019-08-19,16.0
1194,1194.0,2019-08-20,12.0
1195,1195.0,2019-08-21,17.0
1196,1196.0,2019-08-22,18.0
1197,1197.0,2019-08-23,18.0
1198,1198.0,2019-08-26,14.0
1199,1199.0,2019-08-27,19.0
1200,1200.0,2019-08-28,16.0
1201,1201.0,2019-08-29,15.0
1202,1202.0,2019-08-30,16.0
1203,1203.0,2019-09-02,16.0
1204,1204.0,2019-09-03,20.0
1205,1205.0,2019-09-04,14.0
1206,1206.0,2019-09-05,23.0
1207,1207.0,2019-09-06,26.0
1208,1208.0,2019-09-09,21.0
1209,1209.0,2019-09-10,17.0
1210,1210.0,2019-09-11,24.0
1211,1211.0,2019-09-12,19.0
1212,1212.0,2019-09-13,18.0
1213,1213.0,2019-09-16,16.0
1214,1214.0,2019-09-17,18.0
1215,1215.0,2019-09-18,14.0
1216,1216.0,2019-09-19,11.0
1217,1217.0,2019-09-20,28.0
1218,1218.0,2019-09-23,21.0
1219,1219.0,2019-09-24,11.0
1220,1220.0,2019-09-25,23.0
1221,1221.0,2019-09-26,17.0
1222,1222.0,2019-09-27,14.0
1223,1223.0,2019-09-30,16.0
1224,1224.0,2019-10-01,21.0
1225,1225.0,2019-10-02,19.0
1226,1226.0,2019-10-03,4.0
1227,1227.0,2019-10-04,10.0
1228,1228.0,2019-10-07,15.0
1229,1229.0,2019-10-08,14.0
1230,1230.0,2019-10-09,18.0
1231,1231.0,2019-10-10,17.0
1232,1232.0,2019-10-11,22.0
1233,1233.0,2019-10-14,16.0
1234,1234.0,2019-10-15,17.0
1235,1235.0,2019-10-16,27.0
1236,1236.0,2019-10-17,23.0
1237,1237.0,2019-10-18,18.0
1238,1238.0,2019-10-21,28.0
1239,1239.0,2019-10-22,28.0
1240,1240.0,2019-10-23,35.0
1241,1241.0,2019-10-24,24.0
1242,1242.0,2019-10-25,20.0
1243,1243.0,2019-10-28,16.0
1244,1244.0,2019-10-29,28.0
1245,1245.0,2019-10-30,18.0
1246,1246.0,2019-10-31,21.0
1247,1247.0,2019-11-01,9.0
1248,1248.0,2019-11-04,21.0
1249,1249.0,2019-11-05,14.0
1250,1250.0,2019-11-06,16.0
1251,1251.0,2019-11-07,23.0
1252,1252.0,2019-11-08,19.0
1253,1253.0,2019-11-11,17.0
1254,1254.0,2019-11-12,24.0
1255,1255.0,2019-11-13,26.0
1256,1256.0,2019-11-14,24.0
1257,1257.0,2019-11-15,21.0
1258,1258.0,2019-11-18,14.0
1259,1259.0,2019-11-19,25.0
1260,1260.0,2019-11-20,23.0
1261,1261.0,2019-11-21,21.0
1262,1262.0,2019-11-22,15.0
1263,1263.0,2019-11-25,18.0
1264,1264.0,2019-11-26,23.0
1265,1265.0,2019-11-27,22.0
1266,1266.0,2019-11-28,21.0
1267,1267.0,2019-11-29,21.0
1268,1268.0,2019-12-02,18.0
1269,1269.0,2019-12-03,26.0
1270,1270.0,2019-12-04,16.0
1271,1271.0,2019-12-05,14.0
1272,1272.0,2019-12-06,18.0
1273,1273.0,2019-12-09,19.0
1274,1274.0,2019-12-10,21.0
1275,1275.0,2019-12-11,21.0
1276,1276.0,2019-12-12,17.0
1277,1277.0,2019-12-13,22.0
1278,1278.0,2019-12-16,21.0
1279,1279.0,2019-12-17,22.0
1280,1280.0,2019-12-18,14.0
1281,1281.0,2019-12-19,10.0
1282,1282.0,2019-12-20,8.0
1283,1283.0,2019-12-23,19.0
1284,1284.0,2019-12-24,4.0
1285,1285.0,2019-12-26,0.0
1286,1286.0,2019-12-27,4.0
1287,1287.0,2019-12-30,0.0
1288,1288.0,2020-01-02,1.0
1289,1289.0,2020-01-03,5.0
1290,1290.0,2020-01-06,0.0
1291,1291.0,2020-01-07,5.0
1292,1292.0,2020-01-08,3.0
1293,1293.0,2020-01-09,8.0
1294,1294.0,2020-01-10,6.0
1295,1295.0,2020-01-13,12.0
1296,1296.0,2020-01-14,12.0
1297,1297.0,2020-01-15,11.0
1298,1298.0,2020-01-16,10.0
1299,1299.0,2020-01-17,16.0
1300,1300.0,2020-01-20,11.0
1301,1301.0,2020-01-21,14.0
1302,1302.0,2020-01-22,20.0
1303,1303.0,2020-01-23,13.0
1304,1304.0,2020-01-24,12.0
1305,1305.0,2020-01-27,11.0
1306,1306.0,2020-01-28,14.0
1307,1307.0,2020-01-29,17.0
1308,1308.0,2020-01-30,10.0
1309,1309.0,2020-01-31,16.0
1310,1310.0,2020-02-03,11.0
1311,1311.0,2020-02-04,14.0
1312,1312.0,2020-02-05,9.0
1313,1313.0,2020-02-06,16.0
1314,1314.0,2020-02-07,17.0
1315,1315.0,2020-02-10,9.0
1316,1316.0,2020-02-11,17.0
1317,1317.0,2020-02-12,18.0
1318,1318.0,2020-02-13,9.0
1319,1319.0,2020-02-14,11.0
1320,1320.0,2020-02-17,11.0
1321,1321.0,2020-02-18,11.0
1322,1322.0,2020-02-19,18.0
1323,1323.0,2020-02-20,7.0
1324,1324.0,2020-02-21,16.0
1325,1325.0,2020-02-24,11.0
1326,1326.0,2020-02-25,12.0
1327,1327.0,2020-02-26,7.0
1328,1328.0,2020-02-27,9.0
1329,1329.0,2020-02-28,8.0
1330,1330.0,2020-03-02,16.0
1331,1331.0,2020-03-03,14.0
1332,1332.0,2020-03-04,15.0
1333,1333.0,2020-03-05,12.0
1334,1334.0,2020-03-06,18.0
1335,1335.0,2020-03-09,16.0
1336,1336.0,2020-03-10,18.0
1337,1337.0,2020-03-11,17.0
1338,1338.0,2020-03-12,14.0
1339,1339.0,2020-03-13,11.0
1340,1340.0,2020-03-16,15.0
1341,1341.0,2020-03-17,18.0
1342,1342.0,2020-03-18,20.0
1343,1343.0,2020-03-19,18.0
1344,1344.0,2020-03-20,18.0
1345,1345.0,2020-03-23,11.0
1346,1346.0,2020-03-24,14.0
1347,1347.0,2020-03-25,21.0
1348,1348.0,2020-03-26,14.0
1349,1349.0,2020-03-27,14.0
1350,1350.0,2020-03-30,14.0
1351,1351.0,2020-03-31,18.0
1352,1352.0,2020-04-01,21.0
1353,1353.0,2020-04-02,17.0
1354,1354.0,2020-04-03,7.0
1355,1355.0,2020-04-06,23.0
1356,1356.0,2020-04-07,18.0
1357,1357.0,2020-04-08,18.0
1358,1358.0,2020-04-09,14.0
1359,1359.0,2020-04-14,25.0
1360,1360.0,2020-04-15,11.0
1361,1361.0,2020-04-16,21.0
1362,1362.0,2020-04-17,18.0
1363,1363.0,2020-04-20,14.0
1364,1364.0,2020-04-21,22.0
1365,1365.0,2020-04-22,16.0
1366,1366.0,2020-04-23,21.0
1367,1367.0,2020-04-24,25.0
1368,1368.0,2020-04-27,20.0
1369,1369.0,2020-04-28,17.0
1370,1370.0,2020-04-29,23.0
1371,1371.0,2020-04-30,18.0
1372,1372.0,2020-05-01,7.0
1373,1373.0,2020-05-04,21.0
1374,1374.0,2020-05-05,21.0
1375,1375.0,2020-05-06,14.0
1376,1376.0,2020-05-07,18.0
1377,1377.0,2020-05-08,16.0
1378,1378.0,2020-05-11,23.0
1379,1379.0,2020-05-12,21.0
1380,1380.0,2020-05-13,19.0
1381,1381.0,2020-05-14,13.0
1382,1382.0,2020-05-15,17.0
1383,1383.0,2020-05-18,23.0
1384,1384.0,2020-05-19,19.0
1385,1385.0,2020-05-20,12.0
1386,1386.0,2020-05-21,5.0
1387,1387.0,2020-05-22,6.0
1388,1388.0,2020-05-25,14.0
1389,1389.0,2020-05-26,10.0
1390,1390.0,2020-05-27,16.0
1391,1391.0,2020-05-28,17.0
1392,1392.0,2020-05-29,18.0
1393,1393.0,2020-06-01,9.0
1394,1394.0,2020-06-02,11.0
1395,1395.0,2020-06-03,21.0
1396,1396.0,2020-06-04,17.0
1397,1397.0,2020-06-05,21.0
1398,1398.0,2020-06-08,17.0
1399,1399.0,2020-06-09,21.0
1400,1400.0,2020-06-10,18.0
1401,1401.0,2020-06-11,11.0
1402,1402.0,2020-06-12,11.0
1403,1403.0,2020-06-15,18.0
1404,1404.0,2020-06-16,23.0
1405,1405.0,2020-06-17,15.0
1406,1406.0,2020-06-18,18.0
1407,1407.0,2020-06-19,20.0
1408,1408.0,2020-06-22,8.0
1409,1409.0,2020-06-23,21.0
1410,1410.0,2020-06-24,22.0
1411,1411.0,2020-06-25,21.0
1412,1412.0,2020-06-26,19.0
1413,1413.0,2020-06-29,14.0
1414,1414.0,2020-06-30,25.0
1415,1415.0,2020-07-01,18.0
1416,1416.0,2020-07-02,16.0
1417,1417.0,2020-07-03,13.0
1418,1418.0,2020-07-06,25.0
1419,1419.0,2020-07-07,26.0
1420,1420.0,2020-07-08,23.0
1421,1421.0,2020-07-09,21.0
1422,1422.0,2020-07-10,11.0
1423,1423.0,2020-07-13,32.0
1424,1424.0,2020-07-14,23.0
1425,1425.0,2020-07-15,21.0
1426,1426.0,2020-07-16,18.0
1427,1427.0,2020-07-17,25.0
1428,1428.0,2020-07-20,17.0
1429,1429.0,2020-07-21,21.0
1430,1430.0,2020-07-22,16.0
1431,1431.0,2020-07-23,18.0
1432,1432.0,2020-07-24,20.0
1433,1433.0,2020-07-27,17.0
1434,1434.0,2020-07-28,16.0
1435,1435.0,2020-07-29,18.0
1436,1436.0,2020-07-30,22.0
1437,1437.0,2020-07-31,18.0
1438,1438.0,2020-08-03,19.0
1439,1439.0,2020-08-04,24.0
1440,1440.0,2020-08-05,16.0
1441,1441.0,2020-08-06,13.0
1442,1442.0,2020-08-07,24.0
1443,1443.0,2020-08-10,12.0
1444,1444.0,2020-08-11,15.0
1445,1445.0,2020-08-12,18.0
1446,1446.0,2020-08-13,16.0
1447,1447.0,2020-08-14,21.0
1448,1448.0,2020-08-17,17.0
1449,1449.0,2020-08-18,21.0
1450,1450.0,2020-08-19,16.0
1451,1451.0,2020-08-20,15.0
1452,1452.0,2020-08-21,18.0
1453,1453.0,2020-08-24,15.0
1454,1454.0,2020-08-25,16.0
1455,1455.0,2020-08-26,16.0
1456,1456.0,2020-08-27,18.0
1457,1457.0,2020-08-28,19.0
1458,1458.0,2020-08-31,18.0
1459,1459.0,2020-09-01,14.0
1460,1460.0,2020-09-02,20.0
1461,1461.0,2020-09-03,19.0
1462,1462.0,2020-09-04,16.0
1463,1463.0,2020-09-07,19.0
1464,1464.0,2020-09-08,23.0
1465,1465.0,2020-09-09,19.0
1466,1466.0,2020-09-10,23.0
1467,1467.0,2020-09-11,20.0
1468,1468.0,2020-09-14,18.0
1469,1469.0,2020-09-15,18.0
1470,1470.0,2020-09-16,23.0
1471,1471.0,2020-09-17,28.0
1472,1472.0,2020-09-18,19.0
1473,1473.0,2020-09-21,23.0
1474,1474.0,2020-09-22,23.0
1475,1475.0,2020-09-23,22.0
1476,1476.0,2020-09-24,21.0
1477,1477.0,2020-09-25,25.0
1478,1478.0,2020-09-28,22.0
1479,1479.0,2020-09-29,27.0
1480,1480.0,2020-09-30,25.0
1481,1481.0,2020-10-01,19.0
1482,1482.0,2020-10-02,18.0
1483,1483.0,2020-10-05,13.0
1484,1484.0,2020-10-06,18.0
1485,1485.0,2020-10-07,25.0
1486,1486.0,2020-10-08,18.0
1487,1487.0,2020-10-09,23.0
1488,1488.0,2020-10-12,15.0
1489,1489.0,2020-10-13,18.0
1490,1490.0,2020-10-14,12.0
1491,1491.0,2020-10-15,4.0
1492,1492.0,2020-10-16,30.0
1493,1493.0,2020-10-19,27.0
1494,1494.0,2020-10-20,21.0
1495,1495.0,2020-10-21,29.0
1496,1496.0,2020-10-22,14.0
1497,1497.0,2020-10-23,6.0
1498,1498.0,2020-10-26,37.0
1499,1499.0,2020-10-27,21.0
1500,1500.0,2020-10-28,17.0
1501,1501.0,2020-10-29,27.0
1502,1502.0,2020-10-30,28.0
1503,1503.0,2020-11-02,18.0
1504,1504.0,2020-11-03,27.0
1505,1505.0,2020-11-04,18.0
1506,1506.0,2020-11-05,12.0
1507,1507.0,2020-11-06,18.0
1508,1508.0,2020-11-09,14.0
1509,1509.0,2020-11-10,27.0
1510,1510.0,2020-11-11,15.0
1511,1511.0,2020-11-12,19.0
1512,1512.0,2020-11-13,23.0
1513,1513.0,2020-11-16,12.0
1514,1514.0,2020-11-17,12.0
1515,1515.0,2020-11-18,13.0
1516,1516.0,2020-11-19,21.0
1517,1517.0,2020-11-20,14.0
1518,1518.0,2020-11-23,18.0
1519,1519.0,2020-11-24,28.0
1520,1520.0,2020-11-25,21.0
1521,1521.0,2020-11-26,18.0
1522,1522.0,2020-11-27,28.0
1523,1523.0,2020-11-30,6.0
1524,1524.0,2020-12-01,23.0
1525,1525.0,2020-12-02,28.0
1526,1526.0,2020-12-03,26.0
1527,1527.0,2020-12-04,21.0
1528,1528.0,2020-12-07,19.0
1529,1529.0,2020-12-08,16.0
1530,1530.0,2020-12-09,19.0
1531,1531.0,2020-12-10,9.0
1532,1532.0,2020-12-11,14.0
1533,1533.0,2020-12-14,17.0
1534,1534.0,2020-12-15,25.0
1535,1535.0,2020-12-16,20.0
1536,1536.0,2020-12-17,20.0
1537,1537.0,2020-12-18,16.0
1538,1538.0,2020-12-21,20.0
1539,1539.0,2020-12-22,24.0
1540,1540.0,2020-12-23,7.0
1541,1541.0,2020-12-24,2.0
1542,1542.0,2020-12-28,5.0
1543,1543.0,2020-12-29,7.0
1544,1544.0,2020-12-30,4.0
